{"0.3618713732212857":{"user_id":1},"0.32679276269086976":{"user_id":3},"0.1587160826669709":{"user_id":3}}